馬達牙攻轉速,馬達凸輪轉速,馬達牙攻扭矩,馬達凸輪扭矩,KTR牙攻轉速,KTR凸輪轉速,KTR牙攻扭矩,KTR凸輪扭矩,
303.465346534653,211.247524752475,0.25648396039604,0.608812673267327,297.938118811881,1.93675325948436,0.618935643564357,-0.210974996627199,
306.479854916185,213.33908440349,0.261575484756396,0.613139135378885,300.855822958533,1.95593904111517,0.625249362807568,-0.386331184712617,
309.524209915355,214.787986229267,0.263881776684678,0.612616948600458,303.812316255153,1.97527934432523,0.632801336696752,-0.59096070139294,
309.608608033329,214.944302924606,0.263233477443932,0.612018700566799,306.800557010154,1.99482460804967,0.640428082604641,-0.787405856852276,
309.604732865342,214.943751468414,0.261019155438426,0.614037499582312,308.588186287482,2.01452675481775,0.648006578472013,-1.00559799404883,
309.600819329355,214.94319455226,0.260413404502173,0.613878662944513,308.586584171517,2.03441172768513,0.643717039645003,-1.22935391478199,
309.586966055388,214.942632122084,0.261006804546749,0.614285382379607,308.580015697968,2.05445695324974,0.642169683601885,-1.46491682482934,
309.582876610392,214.942064123293,0.258699545185826,0.614483455472475,308.575857437551,2.07466610625641,0.641720868588042,-1.68424768448111,
309.568845685743,214.941490500751,0.261473600088656,0.612840321368241,308.579083748814,2.09523210730845,0.642072065306735,-1.89956201799083,
309.574477821245,214.940911198779,0.261581259495474,0.612102502767927,308.56501527108,2.11602648460853,0.641498521398881,-2.11051065183232,
309.570264730366,214.940326161143,0.263533153153845,0.610648468141867,308.560708491585,2.11603664782248,0.643085140422633,-2.30034244046432,
309.556108935617,214.939735331055,0.261818035858339,0.61116498762842,308.563784813284,2.11612116908805,0.642769151713946,-2.43976414779565,
309.561614964683,214.939138651164,0.263134254035154,0.611615730080187,308.547089613416,2.11618177472258,0.642388153216064,-2.62078904034808,
309.557274518789,214.938536063552,0.263825484273126,0.611574697704743,308.540130104638,2.11619347546241,0.642003382455827,-2.7961805159951,
309.562792088282,214.937927509726,0.264381776196622,0.611816823424592,308.535576937357,2.11605677719966,0.640995990202914,-2.95845705575742,
309.568364287175,214.937312930614,0.263738427446093,0.612628475141667,308.540879679311,2.11601773538976,0.640349910897993,-3.10779821472532,
309.583892646454,214.936692266561,0.262521580193084,0.612951925390594,308.533858686037,2.11600305950253,0.639573672392032,-3.27501651388101,
309.589673761766,214.936065457319,0.264199219600937,0.613491251384561,308.529243425503,2.11586447593325,0.640151134494924,-3.46400182589964,
309.575710135645,214.935432442045,0.265042776230649,0.611696511299259,308.517156726745,2.11572452024942,0.640610551668141,-3.64867016080954,
309.571509245899,214.934793159293,0.265682011638873,0.610592912401232,308.507425605228,2.115607931341,0.64113639871436,-3.83114461784725,
309.567266763185,214.934147547009,0.26668203155609,0.610754426385403,308.497598135973,2.11551494056219,0.642100620483809,-4.02037624772693,
309.562982275692,214.933495542524,0.266486804145754,0.610492192983278,308.50252485019,2.11532201918162,0.642826864250976,-4.22169185414007,
309.55865536753,214.932837082549,0.264659148741257,0.611645184993013,308.505025096232,2.11517669263887,0.642322674788114,-4.40488929824046,
309.564186608793,214.932172103168,0.265578150213942,0.612029790785023,308.485272869462,2.11490616484321,0.642927354736511,-4.59763572693591,
309.549970634622,214.931500539833,0.26714427051309,0.612205531287845,308.487602303813,2.11463295855453,0.642176635476477,-4.77496380344023,
309.535613908233,214.930822327356,0.26766253061718,0.613233704864953,308.49490529692,2.11438179972834,0.641975414045551,-4.92465403911786,
309.531016026136,214.930137399904,0.269178397256954,0.613350474220051,308.49237960679,2.11410340170585,0.642947942897487,-5.10150704940615,
309.526372620454,214.929445690992,0.266314024952568,0.614886221489557,308.497254652402,2.11384699974254,0.643001882926175,-5.27485117860819,
309.531584230557,214.928747133477,0.267816540051108,0.615019352395394,308.494752223218,2.11361281162118,0.642313782757127,-5.46012198235679,
309.517045460563,214.928041659552,0.268341456289238,0.616146276676536,308.482324027408,2.11332679985505,0.642980255853732,-5.65465289307319,
309.502362742351,214.927329200735,0.266177708331706,0.61586653684165,308.47224802768,2.113112213715,0.644952832644363,-5.84306529795511,
309.507336630889,214.926609687871,0.268246002473604,0.615300462948994,308.467022760627,2.11282124553396,0.644902860690347,-6.05964267714278,
309.502458775749,214.925883051117,0.268775170814926,0.614941457631657,308.466696253306,2.11252739647984,0.646585067231836,-6.27248567394617,
309.497532625014,214.92514921994,0.270585618050718,0.616138501766624,308.47131700829,2.1122553905044,0.645684919382646,-6.47877266081693,
309.48265671041,214.924408123108,0.269649238031418,0.615929576041541,308.471033018273,2.11193118644998,0.645456552247821,-6.67812932082502,
309.49733647982,214.923659688683,0.269128933457472,0.616214819368685,308.455894731325,2.11180179225642,0.644668993359185,-6.89957119528863,
309.482458623185,214.922903844017,0.271368229828338,0.616077540352533,308.440606560348,2.11169586940747,0.644306805174623,-7.10866348435089,
309.487235441236,214.92214051574,0.271928311311787,0.617285832831271,308.449919496589,2.11151464039171,0.644621724037738,-7.33096460795833,
309.482158564417,214.921369629757,0.27235215597824,0.618718761869205,308.466750382694,2.11128211207875,0.644382830216329,-7.56382069318564,
309.47703142149,214.92059111124,0.27207128623545,0.618110036739197,308.468896426087,2.11102252903003,0.644450977050154,-7.79929169014787,
309.481754504871,214.919804884618,0.271291397980356,0.617566175716812,308.46363797486,2.11073562337686,0.644210392664512,-8.06679705341666,
309.486524351454,214.919010873575,0.271000025683131,0.618505642803118,308.450901717185,2.11054488697465,0.644648119324557,-8.31622078661881,
309.481440434142,214.918209001036,0.272832501184945,0.618461936296218,308.445465100524,2.11015424229123,0.643419387832721,-8.60307693302098,
309.496108161212,214.917399189165,0.272698169513508,0.618488688140735,308.454826141123,2.10973497736342,0.644096807514233,-8.90607769473406,
309.501020123205,214.916581359355,0.271782705845325,0.619082833567871,308.456854122718,2.10936106624821,0.64292449867774,-9.22228886002845,
309.486178738286,214.91575543222,0.27263045540815,0.619399297266563,308.456426935815,2.10900820551799,0.642978206585441,-9.34608627448418,
309.481091399061,214.914921327588,0.271430756946845,0.618868201199895,308.441144034189,2.10867660359243,0.642599277937772,-9.38169108908303,
309.48585468024,214.914078964495,0.270715417906715,0.618119173489003,308.42818506423,2.10839122342998,0.643825508412403,-9.61381485636049,
309.480764132519,214.913228261173,0.271836164618662,0.617717185107706,308.429949272787,2.10807826524612,0.644073780772922,-9.83620377508399,
309.485524173435,214.912369135046,0.271195730604986,0.617382107732535,308.431730948755,2.10783646589212,0.644757679592456,-9.86150034711452,
309.48043035337,214.91150150272,0.272888361601075,0.618886881076421,308.43353026508,2.10766652991085,0.644829537806242,-10.1011562911454,
309.539985638704,214.947778500247,0.2747521675536,0.619624645510174,308.532494734913,2.1092886493416,0.644962150620518,-10.2677669970317,
309.560382972591,214.963706164572,0.274599065403077,0.61975974957088,308.613451881214,2.11074745055942,0.645342970301835,-10.4262465595299,
309.560741121672,214.965445965911,0.274563394994348,0.617561955521082,308.648611639888,2.11203989138252,0.64466268944644,-10.547449884858,
309.560267191854,214.965655302954,0.2751718100196,0.617404165966174,308.66690921048,2.11313813882301,0.644828378623091,-10.6799750732541,
309.56972792776,214.965872172603,0.275028370956047,0.6165868062274,308.687490625559,2.11403931870894,0.644116218228547,-10.7813302918601,
309.5694200921,214.966096703497,0.275243964683313,0.617393421507429,308.70334118451,2.11481428985979,0.645234031877889,-10.8895181767816,
309.579147359791,214.966329026086,0.276660966268824,0.618274887241368,308.70951272398,2.115261827308,0.644769322454879,-10.9698360119495,
309.579110436517,214.966569272648,0.276342564497368,0.618028861813337,308.708360796123,2.11554824533402,0.645047029918908,-11.0589878765779,
309.589113057812,214.96681757732,0.275993544342999,0.618505580035566,308.704690271839,2.11552662293824,0.645571534519028,-11.1586480335936,
309.589257961145,214.967074076118,0.275569111519707,0.618923432285741,308.718449430262,2.11527414906031,0.646230673262792,-11.2674167205417,
309.599347003033,214.967338906959,0.274270457642142,0.619005362623799,308.727436964309,2.11501907481514,0.645828648835467,-11.3973506243049,
309.599775102711,214.967612209691,0.276236917263763,0.619082990099001,308.73153253016,2.11478539071343,0.646044584450531,-11.5701980151614,
309.590251935761,214.967894126112,0.275019715909591,0.620291180792256,308.735833945178,2.11452404037671,0.645276331294437,-11.6940783020407,
309.590578444839,214.968184799998,0.275414114242626,0.621015502406984,308.732821111916,2.11435899646497,0.644009231777987,-11.8084758048729,
309.580952567182,214.96848437713,0.275168889866843,0.620255885367206,308.734774024535,2.11431743427948,0.644781640110414,-11.9477705449631,
309.571176213518,214.968793005313,0.275565627118534,0.619835166656567,308.736693770527,2.11422634218928,0.643587894855091,-12.0897504690249,
309.561149318143,214.96911083441,0.276332795899974,0.619477971025537,308.738702038691,2.11415924597825,0.643565758443834,-12.196208230957,
309.560866897909,214.969438016361,0.277941643190064,0.619111898942775,308.75315212397,2.11406810508761,0.642300061651249,-12.2876162151655,
309.570620925258,214.969774705216,0.27721866167481,0.620674031493701,308.753013464536,2.11402695246225,0.642316789472864,-12.3855265721393,
309.570612130004,214.970121057156,0.275985955239523,0.620986517821349,308.75049453245,2.11403605168127,0.642637882450671,-12.4903348093105,
309.570645252448,214.970477230523,0.275581835672032,0.620875152390022,308.760424199742,2.11407091416759,0.64190062761866,-12.5983294485341,
309.570721123505,214.97084338585,0.273474261726747,0.620977953968306,308.772878648748,2.11410803193973,0.641148882701508,-12.7072565534291,
309.570840586435,214.971219685883,0.273490648984029,0.619227189304695,308.780481159169,2.11414695609123,0.641570429314512,-12.8405101896191,
309.570906467402,214.971606295613,0.273781663823337,0.619014886319742,308.785879261047,2.11413943917289,0.640690657775681,-12.9725559763783,
309.571113752875,214.972003382304,0.274272727123439,0.618940523498275,308.786357250723,2.11420881026812,0.640861588689534,-13.1344752058134,
309.571465236485,214.972411115521,0.274267283524491,0.618713462296625,308.784292418582,2.11420709750119,0.641531253785019,-13.280116999543,
309.571865723717,214.972829667161,0.27176558932912,0.617986759208274,308.792133139491,2.11428238161797,0.64065089052648,-13.3991502663761,
309.582217140581,214.973259211479,0.272741149372452,0.617450328888657,308.797527975997,2.11441045470585,0.640751375750245,-13.5164081781361,
309.572817466423,214.973699925123,0.272293670256822,0.617190833606412,308.800525755727,2.11456686701362,0.640797787562058,-13.6524852691835,
309.583270654599,214.974151987158,0.270844088216897,0.617980977734431,308.798725772839,2.11477716470826,0.641766277975012,-13.7759167778578,
309.593972713136,214.974615579103,0.271102963265265,0.618852605862082,308.799482978237,2.11501642164879,0.641363440800068,-13.9014895647875,
309.594830496129,214.975090884957,0.270635012382014,0.618745993415677,308.80277466356,2.11528568081824,0.640647703969471,-13.9967677517939,
309.605646057717,214.975578091232,0.268668476159906,0.618145642284826,308.813527915146,2.1154862578909,0.639227532055982,-14.0899537129607,
309.606716487744,214.976077386988,0.266948108418413,0.61774016842857,308.819391389472,2.11571626647888,0.638668548023045,-14.1773787728829,
309.61784579247,214.976588963858,0.26812651307571,0.61889235251161,308.820365234731,2.11590225737026,0.638539458872305,-14.2785470842895,
309.609137963882,214.977113016087,0.270030647527376,0.620053120166491,308.823973853577,2.11596760851,0.639530750610058,-14.3714082317053,
309.620293204879,214.977649740563,0.269095819979841,0.619525353629995,308.827769569351,2.11605940790705,0.639112175812389,-14.469616100491,
309.62161060848,214.978199336848,0.268925993332991,0.617917032053745,308.826560164131,2.11607965312998,0.638376932760653,-14.5610260162586,
309.622991321787,214.978762007216,0.268112268950364,0.616562163441711,308.825172142165,2.11612715353642,0.638379349617528,-14.6510354749029,
309.614535479216,214.979337956681,0.268711090561403,0.616121491428864,308.833650119552,2.11615294189787,0.637700422613244,-14.7439364034649,
309.615850142328,214.979927393038,0.269394453854285,0.615256494554726,308.837313606133,2.11620657871491,0.638935472414717,-14.8100466940594,
309.617130595703,214.980530526894,0.269803903638157,0.614586304968109,308.838664218895,2.11618837764303,0.637950693732441,-14.8938345743311,
309.618474062649,214.981147571704,0.269277679900071,0.614547932380701,308.835131536899,2.1162976265079,0.638082191810656,-14.953025244047,
309.619685606228,214.981778743809,0.267117080993007,0.61443802390783,308.838896936857,2.1164616131331,0.637651354031413,-15.004542051466,
306.680266452594,214.982326232862,0.267212668865756,0.614250253515156,308.850105281551,2.116581420528,0.637908550619073,-15.0314703008862,
303.593079202241,214.9829853497,0.265528532365336,0.61384481743841,308.856478334479,2.11673066028057,0.637734593629307,-15.0611523209495,
300.465475121084,214.983659250909,0.265540985587302,0.614503991856613,308.858115307749,2.11685990836659,0.637872072002491,-15.0644761945324,
297.306857501687,214.984348164636,0.264639060514832,0.614964435602827,308.862372042834,2.1169437567323,0.636884909265759,-15.0574901681776,
294.126917832075,214.985052322096,0.263362653543507,0.615646091548323,308.854277218775,2.11708103882622,0.636875613508262,-15.0748420136538,
290.905545492061,214.985771957611,0.26307242505775,0.616054249803925,308.858460845211,2.11714781677607,0.636673810873765,-15.1029444063918,
287.652328810266,214.98650730865,0.261344742517717,0.61545907523687,308.857717583628,2.11714268100245,0.636964348230869,-15.1069843877309,
284.366312406024,214.986890762198,0.259439718507461,0.616055851768818,308.873313849457,2.11714618626642,0.637008924444833,-15.1233380252626,
281.057460222197,214.98712031267,0.257800913092653,0.616373634958897,308.865985750132,2.11713528265956,0.636493240822487,-15.114150812052,
277.705942589529,214.987334910162,0.257705839014418,0.617070780299865,308.87061321657,2.1171114746524,0.636907404697497,-15.1278062667767,
274.321246306337,214.987549559739,0.255902413558921,0.616713024006139,308.872630087918,2.11710130966062,0.636519573272491,-15.1331684568116,
270.902944508105,214.987764187334,0.255783938733207,0.616643382598008,308.874463151902,2.11695835907598,0.637558220352134,-15.1496470525042,
267.460702175591,214.987978716877,0.254031661248553,0.615997936668212,308.873682181282,2.11675681520683,0.636554004396434,-15.1407745661252,
263.974380936143,214.988193070251,0.251964440406768,0.614841135177388,308.870357126403,2.11672211211672,0.636101377484964,-15.1325660369586,
260.453542030199,214.988407167257,0.251085053039534,0.614526009171092,308.87443629799,2.11663472465912,0.635393994787598,-15.1385544345861,
256.897744297252,214.988620925573,0.249278830353361,0.614061260944711,308.87364170419,2.11657143853755,0.635726395384317,-15.1281450920217,
253.306739211471,214.988834260716,0.248026055292308,0.613091536475988,308.872703013833,2.11653477803732,0.635374867880569,-15.1100582442146,
249.680079728386,214.989047086001,0.246915516655181,0.612820310474524,308.8790917866,2.11654978499992,0.635457008663194,-15.0861741612434,
246.027409477155,214.989259312499,0.244640255263017,0.612829194834678,308.885503264387,2.11656725425028,0.634547725734607,-15.0652927369472,
242.338668462714,214.989470848998,0.243985013078397,0.611479274181633,308.886985138835,2.11671124646685,0.635431600927083,-15.0470003056096,
238.603501037148,214.989681601959,0.242397794254989,0.610605054100194,308.881085772764,2.11673453607083,0.63720310953252,-15.0335822313595,
234.841348051702,214.989891475472,0.241364417070713,0.609800590424283,308.88005915641,2.11680797272223,0.637128074576303,-15.0056570995416,
231.042042822377,214.990100371216,0.240458662515784,0.609134109471488,308.883953863201,2.11690779084632,0.637930452593345,-14.9980175612299,
227.205219985785,214.990308188412,0.237480502779307,0.6093861504462,308.890342495127,2.11695975663709,0.637812776297796,-14.996983495193,
223.320510610418,214.990514823779,0.235307620200983,0.609006291550194,308.884275073059,2.11703789180095,0.639191615056672,-15.0067915870745,
219.397242191459,214.990720171487,0.233191273255698,0.607685620857685,308.88804994047,2.11709245555678,0.639098791547601,-15.0110862901926,
215.445030607909,214.990924123114,0.232058652641996,0.607766602075866,308.881986132629,2.1170237070803,0.639125632231729,-15.0094353147558,
211.443786898557,214.991126567596,0.23219485875061,0.608416616429191,308.878239221073,2.1169539327527,0.639160038217997,-14.9859685411541,
207.402926163657,214.991327391177,0.231998825057777,0.608363137839695,308.871856652483,2.11693260503798,0.640130445698358,-14.9627379667751,
203.322055723827,214.991526477368,0.231233559474349,0.609318939310339,308.860385122713,2.11683642334438,0.639249851801169,-14.9283664596182,
199.21068096399,214.991723706891,0.229536251510497,0.609364722013216,308.861122804512,2.11678886873222,0.639421229959837,-14.8889437911354,
195.058597471031,214.991918957629,0.226612127989577,0.609269912097522,308.866813552569,2.11671540396453,0.640273305615979,-14.8407207078218,
190.865400760482,214.992112104581,0.224864255162499,0.60924730268961,308.86268009845,2.1166907337315,0.639703919990543,-14.8113083682998,
186.620782295499,214.992303019803,0.224328994428176,0.610082357575564,308.860903335668,2.11664032137619,0.640808405430781,-14.8005376564377,
182.334035415845,214.99249157236,0.222928082002985,0.611639902414049,308.864006062001,2.11653863688777,0.641551544338509,-14.8018037898862,
178.014839553958,214.992677628273,0.220950600931165,0.611939398144817,308.869585074935,2.11643439698554,0.64205405678184,-14.7689381316753,
173.642874889595,214.992861050463,0.220598388185761,0.610674432010267,308.865336157134,2.11630229037442,0.641561856572007,-14.7512328975547,
169.227517485402,214.993041698694,0.219389431996855,0.609813658011734,308.861037673756,2.11614175442121,0.641378177520244,-14.7512922374831,
164.778336168464,214.993219429523,0.21718066387423,0.610079674492883,308.859139287719,2.1159522105955,0.642066103000944,-14.7386513908068,
160.275095476491,214.993394096239,0.216599992465461,0.609645357980091,308.859590885467,2.11578355666188,0.64345559380238,-14.7289850311815,
155.727257644696,214.993565548806,0.216030605178798,0.610203231143968,308.864939395328,2.11553669814884,0.6426985348497,-14.7233078654221,
151.134281524421,214.993733633805,0.213175398169918,0.609408289348249,308.867855971176,2.11535981142388,0.642492189067298,-14.7338995563244,
146.505817599278,214.993898194377,0.21020217787925,0.608168637557969,308.870765695112,2.11515577382896,0.641531411230241,-14.727896995182,
141.821515860609,214.994059070157,0.208981052709937,0.609119561161216,308.861290409229,2.11494880715492,0.641802888808635,-14.7208626476047,
137.090821853204,214.994216097219,0.206827934485946,0.610308497092974,308.856683777992,2.11476434333339,0.642455621046734,-14.7106877627665,
132.313275620842,214.994369108012,0.206150267808081,0.61038836178259,308.856995774387,2.11452807788583,0.642495980169796,-14.7010679834384,
127.498411661848,214.994517931292,0.204325705206563,0.61139496445936,308.84980117691,2.11436347527185,0.642852866878276,-14.6941460188837,
122.625961775903,214.994662392067,0.202759876012031,0.612845444359405,308.852400063749,2.11422146434667,0.641282742070985,-14.6701024478424,
117.705257134123,214.994802311524,0.19996934108504,0.614104247719715,308.857486557262,2.11415248500711,0.641439495024832,-14.6310679713425,
112.735819342751,214.994937506968,0.198857773374,0.613674508267626,308.852757399048,2.11413124598234,0.64066828020517,-14.5987961171573,
107.717167201528,214.995067791752,0.197756592110445,0.613099819993961,308.838043146199,2.11403391561452,0.641255081454415,-14.5514619989958,
105.618522654488,214.995291975405,0.196856234914848,0.612733974117514,308.830497976542,2.11393443536785,0.640545641165656,-14.5098901346207,
103.658378530253,214.995413823184,0.196034528999497,0.612155846955921,308.8327159928,2.11383249254693,0.6406353545076,-14.4725632812907,
101.709793415492,214.995530205088,0.195346346261004,0.611140122748983,308.822563524335,2.11377776565763,0.640415188987849,-14.4410220643279,
99.7731888205796,214.99564091836,0.194305824337698,0.610322456285084,308.829595123162,2.11372166673609,0.640078855123711,-14.4179010930026,
94.8686964541291,214.995745755946,0.188234370583185,0.610482420292378,308.841726983601,2.11368840562629,0.639801164446636,-14.3869536581447,
89.8584306220704,214.995844506425,0.18380706311314,0.610852600198205,308.846511796853,2.11365415403075,0.639275197650328,-14.3470676111323,
84.8307682637714,214.995936953928,0.179353026683392,0.610381644999802,308.843925600944,2.1135948616845,0.638988671406957,-14.3042714054235,
79.7858618861254,214.996026520182,0.174235732704936,0.610609029091198,308.838684133137,2.11351019510448,0.639874609495691,-14.2618177755241,
74.733667843194,214.996114700455,0.168020631909018,0.60970126071627,308.843364315147,2.11347430314849,0.639598682452851,-14.2174877454594,
69.6547344298639,214.996201629072,0.162170283323816,0.609273839730294,308.840619276519,2.11343829154944,0.639996615895973,-14.1521628096048,
64.568927381582,214.996287293124,0.156138084014557,0.60948374879687,308.837827090267,2.11342677651863,0.639350348991255,-14.0997518626027,
59.4567093902303,214.99637168031,0.150118224066848,0.609767316779037,308.837464356984,2.11356507768143,0.638439875017385,-14.0389236924057,
54.3279569864148,214.996454778958,0.145190368253168,0.609492954205876,308.834630517139,2.11370674364653,0.639201121261157,-13.9831504164283,
49.1829428879027,214.996536578054,0.139596169518974,0.610219803899228,308.83180154081,2.1138006508894,0.640345673179733,-13.9408294696904,
44.0218478468898,214.99661706727,0.135444002355404,0.610460732559903,308.828904166976,2.1139458580798,0.640704105639061,-13.8794658561765,
38.8448587731239,214.99669623699,0.12935454861285,0.610354192674904,308.830936468588,2.11409312956041,0.639825172077227,-13.835543289485,
33.6521668875957,214.996774078339,0.125414830724934,0.612312040756082,308.830522938437,2.114266974625,0.639745472118778,-13.7882708641907,
28.4439697307562,214.996850583214,0.120879972448397,0.612519681649958,308.825091563703,2.11441763986881,0.639231001459923,-13.7478832077842,
23.2203713174255,214.99692574431,0.115259375588846,0.613012854786743,308.809641942904,2.11449536645909,0.640576875477005,-13.7122529154162,
17.981576296185,214.996999555155,0.109589616801821,0.613666058555111,308.806400921162,2.11447342705307,0.64013276928443,-13.6773791788797,
12.7278938730072,214.997072010137,0.104304783361691,0.61320012790615,308.81308720976,2.11447579231032,0.640471181757221,-13.6314638021224,
7.45944383163396,214.99714310454,0.0996158760972449,0.61443893520795,308.822325111278,2.11445270141516,0.63994735113525,-13.596199512049,
2.17644780202264,214.997212834572,0.0939679277168633,0.613569874076628,308.819239678091,2.11442839359901,0.640338607556457,-13.5386938877997,
-3.12086677405423,214.997281197406,0.088293545785552,0.613398623815543,308.823486184853,2.11440333059863,0.640611140539216,-13.4852702283205,
-8.43216754023711,214.997348191204,0.0818046935636171,0.614009240966685,308.810508077049,2.1144019983095,0.639882620989538,-13.4253417990259,
-13.757211200947,214.997413815162,0.0775410640617152,0.613788286710339,308.812215583352,2.11437536011893,0.639580975736488,-13.3601364080243,
-19.0859462683614,214.997478069538,0.0731755433827026,0.6147694915087,308.814000033359,2.11442339628763,0.640451820721684,-13.3072968148883,
-24.4278248145685,214.997540955696,0.0664260452107431,0.6143361536382,308.818314496847,2.11447259889689,0.640959660152413,-13.2764436294798,
-29.792485715343,214.997602476137,0.0600370077865151,0.615104203299571,308.815309128969,2.11444824240044,0.640410939503444,-13.2337575469323,
-35.1698574127605,214.997662634541,0.0546556557896058,0.615232374230158,308.824763822101,2.11444934951981,0.639865504728219,-13.1943926072027,
-40.5597637333224,214.997721435804,0.0496631746438544,0.614652449994682,308.829354327225,2.1144509384385,0.640055547052658,-13.1537906152826,
-45.9619257254448,214.997778886083,0.0432323929275601,0.614989306805545,308.821557701232,2.11447802293824,0.639496460334209,-13.1092418024852,
-51.37605767085,214.997834992831,0.0364007903311746,0.61405368308392,308.818675301259,2.11450561986108,0.640670148852463,-13.0747535196553,
-56.8017689576455,214.997889764841,0.0300739764292241,0.612533399178062,308.823207696958,2.11448448420251,0.639678680965549,-13.027963577707,
-62.2387571197593,214.997943212291,0.0253997773641374,0.61232957241335,308.815378010176,2.11443939358187,0.638731919942055,-12.9723438726359,
-67.6868125323703,214.997995346787,0.019493729606048,0.61098650483185,308.809890811515,2.11444439354817,0.63851338393374,-12.9452736324474,
-73.1455223088254,214.998046181404,0.012327544867635,0.610918703572658,308.811817095221,2.11432698862909,0.637121814897718,-12.903259184278,
-78.6145623067881,214.998095730737,0.00467703113368231,0.611709446598014,308.81628025781,2.11423476322521,0.637389078634128,-12.8431920253354,
-84.0936999154539,214.998144010947,-0.00175132166572902,0.611583800777272,308.823281653554,2.11416825384531,0.637219009085942,-12.7854399524099,
-89.5824998698296,214.998191039806,-0.00759955249871109,0.612382795260413,308.820446908683,2.11410275579762,0.635919636960037,-12.7346375258874,
-95.0707152907655,214.998236836747,-0.0142089600004686,0.612262592924932,308.817531141489,2.1140885583486,0.636533212228456,-12.687101185892,
-100.567794467154,214.998281422914,-0.0212099932496803,0.611298378108859,308.814557628324,2.11405121920924,0.637093024338962,-12.620115558462,
-106.073473794544,214.998324821217,-0.0286053612806599,0.612250949797482,308.809050617761,2.11401553054964,0.636306505656871,-12.5695434650291,
-111.597186563407,214.998367056376,-0.0343604742904677,0.611431260576059,308.818434382202,2.11400629018721,0.636128323645467,-12.5231813939145,
-117.128751003175,214.998408154981,-0.040718379327858,0.612151287937278,308.825481417887,2.11394927976002,0.634642409809811,-12.48326796452,
-122.66778096975,214.998448145545,-0.0469907421707881,0.61216874265168,308.827644642081,2.11396830156075,0.633512671489415,-12.431606578194,
-128.213980896795,214.998487058558,-0.0526691228378906,0.612885314712991,308.822474775399,2.11391488399926,0.633172669554872,-12.3801210391773,
-133.766851616327,214.998524926543,-0.059735152529474,0.611538778775897,308.819703237891,2.11383759112453,0.633587421312138,-12.3360989460222,
-139.325981405935,214.998561784117,-0.0652839098919939,0.611088031558632,308.81437865057,2.11376021593757,0.633200272067458,-12.3006908368606,
-144.89094973018,214.998597668049,-0.0725070948748255,0.611842224858543,308.821424405536,2.11368228494703,0.633745143274015,-12.2575165271547,
-150.461327125543,214.99863261732,-0.079578220488541,0.612822248669083,308.836111348697,2.11362929850478,0.633113856757378,-12.2267596412949,
-156.066078113464,214.998665692982,-0.0863559873737231,0.613035795941871,308.838642174164,2.11365102982296,0.633473443050365,-12.1908499334402,
-161.706914317857,214.998697889713,-0.0939016360506857,0.613753419199158,308.841176096752,2.11367398563758,0.632907483530986,-12.1611423755407,
-167.384307463732,214.998729252927,-0.101869635875554,0.614275531045199,308.853736617271,2.11367295811263,0.632956912189829,-12.1376410914933,
-173.098738120013,214.998759830497,-0.109126422610339,0.613960214953715,308.849025146916,2.11369722832428,0.633381447408306,-12.1051632696962,
-175.840989947479,214.998789672819,-0.110156529473641,0.613002173316698,308.841671663384,2.11367256320247,0.63337976704159,-12.0680292064442,
-178.471677279851,214.998818832883,-0.113067060093312,0.612243654238664,308.844098988795,2.11362324052101,0.634806544956355,-12.0296847667938,
-181.078632186224,214.998847366337,-0.116742110457438,0.61240387215192,308.854001695606,2.11364827397483,0.634270088258824,-12.0015948000747,
-183.651547969118,214.998875295507,-0.1202610990036,0.611003821093115,308.846727612066,2.11369914604286,0.63409083557331,-11.9696247706148,
-186.209817432606,214.998902628132,-0.122052007230457,0.612363648423579,308.841810416986,2.11370137221013,0.635150163822028,-11.9507721669035,
-188.743129827284,214.998929370697,-0.123519158622084,0.612819587123512,308.846772705505,2.11375348191964,0.635411585088622,-11.9472311704411,
-191.261070987768,214.99895552988,-0.12536645805413,0.613348852849519,308.854287018527,2.11375671662658,0.636548330000478,-11.9283943319048,
-193.743425248936,214.998981112549,-0.126817989560278,0.613596986870019,308.854453579533,2.11375861404188,0.6372102949013,-11.9149237441771,
-196.199577548296,214.999006125753,-0.128873121815857,0.614062967391446,308.864550837576,2.1137343751349,0.637190583749222,-11.9080601137588,
-198.629107453605,214.999030576721,-0.130396976185509,0.613462998713151,308.867350335564,2.11370896646407,0.637035582863772,-11.9160896250862,
-201.021691169452,214.999054472854,-0.134588669042349,0.613988961744371,308.870206238223,2.11365711605203,0.637865597489759,-11.9353259990358,
-203.386706515418,214.999077821724,-0.137627314761708,0.614095840646049,308.875545542873,2.11355378918561,0.638526888830477,-11.9511654318036,
-205.733626054061,214.999100631064,-0.140869712241773,0.612837462427138,308.883417053808,2.11344771804265,0.638452942461286,-11.9694861700968,
-208.042315121238,214.999122908766,-0.143957530902072,0.612486153325922,308.883994533908,2.11331435248001,0.638816526035557,-11.9766307538821,
-210.322143699839,214.999144662869,-0.146736708194061,0.611630245390666,308.894631688275,2.1132531543218,0.637970133986387,-11.9826518215897,
-212.582576571086,214.999165901559,-0.148211226263328,0.61040494030983,308.893030012702,2.11316681498783,0.638010602943832,-11.986911946765,
-214.813373308157,214.999186633158,-0.150994949130902,0.610377265185114,308.893821525602,2.11307959739058,0.637429310084293,-11.9972381660189,
-217.014094269937,214.999206866114,-0.1535471355193,0.60984081300667,308.882153173269,2.11311550725172,0.637713784925373,-12.0101816180384,
-219.184297656788,214.999226609001,-0.15642312624441,0.610441911411918,308.882776079161,2.11317676580274,0.637564034206253,-12.0272260510111,
-221.323539546716,214.999245870502,-0.159484083393222,0.610767092477229,308.878412612769,2.11326363149783,0.637471983648501,-12.0406365047011,
-223.431374913117,214.999264659406,-0.161518625739329,0.610451427640699,308.896411667578,2.11330186548979,0.637757521892649,-12.0597235809949,
-225.507356732049,214.999282984596,-0.164240008806666,0.610701953788525,308.892294797124,2.11336549425584,0.638110755022908,-12.0824298896382,
-227.561034063373,214.999300855042,-0.167299568729333,0.610449007870503,308.898020487855,2.11337977245354,0.637035595956584,-12.1009336824575,
-229.582154947024,214.999318279788,-0.169826356986165,0.60998517474409,308.903760151132,2.113294694964,0.636749219083358,-12.1134286334771,
-231.560270483971,214.999335267943,-0.170755301191836,0.609083798223739,308.912061646401,2.11325852122701,0.636156033732664,-12.1379179511656,
-233.50473001933,214.99935182867,-0.173908677003533,0.607817772718725,308.907975486246,2.11322197837263,0.63686188055449,-12.1342647367494,
-235.415076220182,214.999367971174,-0.176051368604002,0.60874257789421,308.908753913563,2.11320981045118,0.636335210589162,-12.1315961636946,
-237.280948997357,214.99938370469,-0.178435168223127,0.607546471667366,308.914567737447,2.11314774894141,0.63710836653228,-12.1274858108353,
-239.121591485738,214.99939903847,-0.179002652961288,0.608261845811756,308.925418157607,2.11310955219963,0.63515478452911,-12.1215103879757,
-240.926738243442,214.999413981774,-0.179867570083966,0.60814866211506,308.928905389891,2.11307118653624,0.636161973673304,-12.1159390692655,
-242.686025185261,214.999428543848,-0.184026652731967,0.607398356072503,308.942405660977,2.11305763993182,0.63570336034391,-12.1121009028955,
-244.408789666973,214.999442733918,-0.186325270378878,0.607717285292707,308.941242441665,2.11292014732176,0.635428013575694,-12.0883813709197,
-246.094564591311,214.99945656117,-0.186803417064487,0.607047568280034,308.944999128263,2.1129557231504,0.636215698711119,-12.0775286202924,
-247.742881445613,214.999470034739,-0.188273916551598,0.605370916019461,308.946273572525,2.11299256433778,0.635832793959406,-12.0671631410346,
-249.363170371654,214.999483163687,-0.190829585807894,0.605167620130769,308.952441809347,2.11300567632285,0.636623524502708,-12.0643831726051,
-250.945157208306,214.999495956993,-0.191793051484222,0.604741727307703,308.951273442027,2.11304431910033,0.636939899626893,-12.0688856047508,
-252.498369504519,214.99950842353,-0.193267745459309,0.605021718737236,308.95259762322,2.11310823752362,0.635520658908065,-12.0674057475118,
-254.0125336138,214.999520572051,-0.194971287560394,0.605243137951378,308.961390098417,2.11322266344752,0.634948160240433,-12.0569828780965,
-255.487177770426,214.999532411168,-0.195838672969105,0.605386426943001,308.962898410107,2.11331382317918,0.63512035484027,-12.0503609910971,
-256.901930158615,214.999543949334,-0.198429942262952,0.605255686015941,308.964328747017,2.11335647202069,0.634924731386753,-12.0475360366138,
-258.28582302154,214.999555194823,-0.200629462688052,0.60462028401672,308.963228225523,2.11344961253812,0.635546338531079,-12.0339396808919,
-259.628575913142,214.999566155707,-0.201796182693174,0.60532534878271,308.954669647141,2.11354348690423,0.634576374838422,-12.0253612957701,
-260.929710517264,214.999576839837,-0.204123381305602,0.603052873872509,308.963404249832,2.11368832455676,0.635023441227369,-12.0128760507859,
-262.188748724204,214.99958725482,-0.205127621194475,0.60296885501208,308.967302279653,2.11373635162044,0.634418847365143,-12.0062723587539,
-263.39531077686,214.999597407996,-0.20842627180143,0.603455595838352,308.97376687004,2.11378562029057,0.634740318407694,-12.0101642550102,
-264.568621282273,214.999607306411,-0.20885042206803,0.60259275792726,308.977750458797,2.11376189093754,0.634812052814959,-12.0129751236029,
-265.698396471943,214.999616956798,-0.208287176539114,0.602633258018926,308.976677578699,2.11378795620915,0.634395698320479,-12.0028138907544,
-266.783864970542,214.999626375252,-0.210061544748673,0.602813826950382,308.970618523299,2.11376455944069,0.63322908698652,-12.0062120487476,
-267.814329828489,214.999635568178,-0.211495207211029,0.602563731977621,308.959523893859,2.11369119878528,0.63422237018905,-12.0025122435319,
-268.808686485566,214.999644541596,-0.212226153461875,0.603794704264081,308.960571292637,2.11366662691075,0.634111137099933,-12.0008649282055,
-269.75630973671,214.999653301112,-0.212467140896049,0.605253659603788,308.954249967347,2.11364157145121,0.634551530067177,-12.0054015782898,
-270.686164388089,214.999661851887,-0.21518150338538,0.604255357487818,308.962790346594,2.11364126460219,0.635058181186242,-12.0183953641496,
-271.599179111933,214.99967019861,-0.215838082031836,0.604034483262562,308.963965508552,2.11364144305844,0.633389880554855,-12.0195212116482,
-272.495422150801,214.999678345464,-0.217669923334553,0.603738944758707,308.960103764126,2.11361662295035,0.633443046815212,-12.0305279087925,
-273.384965459531,214.999686296454,-0.217074763179413,0.603808797468268,308.961226300285,2.11356630093954,0.633807920193844,-12.0379378408537,
-274.248085737025,214.999694055546,-0.219008057792769,0.603724095973661,308.959933388238,2.11351545864973,0.633175818771783,-12.0440607683185,
-275.094669458904,214.999701626683,-0.221371314220202,0.602783348536533,308.958578543513,2.11343884455795,0.632782395342903,-12.0505887841391,
-275.924705087331,214.99970901378,-0.223101659330757,0.602182501959177,308.957135885345,2.11338619235925,0.632745108861145,-12.0490139767355,
-276.738381125335,214.999716220723,-0.223771398635415,0.601289685276892,308.943301056689,2.11325874263962,0.632143968405302,-12.0565297216123,
-277.525894032038,214.999723251366,-0.226057916227688,0.600028959711401,308.941605514304,2.1132045284565,0.632155883104867,-12.0598561533732,
-278.297149344696,214.999730109531,-0.228068420584541,0.600108622691582,308.944815961618,2.11312527659504,0.631550638552799,-12.0532350298909,
-279.072153881084,214.999736799003,-0.227505249807731,0.600396540126703,308.940604176702,2.11309525838259,0.630436134008869,-12.0417168024736,
-279.83141573619,214.999743323531,-0.228182457085415,0.600828032200769,308.943723569116,2.11309071847365,0.631036720594793,-12.0324029546585,
-280.555156228092,214.999749686822,-0.229684959509609,0.599787542792587,308.936894920752,2.11306243134921,0.632139035229779,-12.0317882693571,
-281.283006140041,214.999755892546,-0.230533745931466,0.600087160510078,308.937418686959,2.11308468955583,0.631392228390117,-12.0462576506984,
-281.995489926578,214.999761944325,-0.231646983928866,0.600469110164726,308.913089845362,2.11303351663736,0.631475370389409,-12.059573054947,
-282.682746494454,214.999767845738,-0.233111100341396,0.60065429996527,308.923189447665,2.11303219685171,0.630296803730455,-12.0612206896815,
-283.354720486398,214.999773600318,-0.234065913719718,0.601196052784875,308.930905961745,2.11305648001469,0.630411828420021,-12.072373981995,
-284.011558369729,214.999779211548,-0.236422733305861,0.600188876941095,308.94128965272,2.11295688568561,0.630153888256601,-12.0664922232223,
-284.653412436194,214.99978468286,-0.23593876901934,0.600725381550295,308.931968004934,2.11283094627851,0.630266164039278,-12.0826607001749,
-285.280440880644,214.999790017636,-0.234285449075045,0.599066354709434,308.930023008816,2.11272765236545,0.630318581666909,-12.0970000486449,
-285.892807870421,214.999795219203,-0.233800764157576,0.598386502502194,308.927880546848,2.11267246213649,0.630492453545863,-12.0741636770375,
-286.490683624267,214.999800290833,-0.234064137972932,0.597839220806289,308.925757633479,2.11266560043234,0.630540787194605,-12.0419036155266,
-287.074145501107,214.999805235741,-0.23394537133178,0.597076351627436,308.930982753733,2.11268328189748,0.631280937602902,-11.9673711396164,
-287.643373130356,214.999810057088,-0.233020609097578,0.597799234566875,308.923826541878,2.11277623820375,0.630917390261511,-11.8731032436376,
-288.198651374379,214.99981475797,-0.234913136898625,0.597403941857401,308.911566788368,2.1128704730253,0.631484334385559,-11.7621892366323,
-288.740175348192,214.999819341429,-0.236155161254022,0.597655290066695,308.90912709829,2.11299075515057,0.631245447789827,-11.6839384891064,
-289.268146626687,214.999823810441,-0.236395792864418,0.596907495137709,308.906655545663,2.1130875961872,0.632247034296765,-11.6303106903481,
-289.792772345789,214.999828167924,-0.236260749544035,0.597298396360188,308.909052454655,2.11309239224365,0.630589991403344,-11.5712421247988,
-290.294467205789,214.99983241673,-0.23803280990624,0.596551827553737,308.906415170468,2.11294370749161,0.630854201372395,-11.5113384786287,
-290.783256601456,214.99983655965,-0.239104940993589,0.597571264835308,308.903717247503,2.11279393047137,0.629749668973376,-11.4459463935729,
-309,215,-0.27208,0.60144,308.890957956281,2.11261805215988,0.630742701732084,-11.382729517243,
-309,215,-0.18616,0.54416,308.890460090089,2.11251605121768,0.631005718446504,-11.3250002909689,
-309,215,-0.33652,0.51552,308.889920099612,2.11236318317874,0.631201659235963,-11.2671163471142,
-310,215,-0.35084,0.60144,308.894312639484,2.11220843683063,0.631155806416919,-11.2093807352932,
-310,215,-0.12888,0.6086,308.891261855624,2.11217579089507,0.630544739901218,-11.1495539784882,
-310,215,-0.26492,0.63008,308.890667681501,2.11219194408115,0.630543302676211,-11.080117526743,
-310,215,-0.34368,0.55848,308.877678276137,2.1121581193936,0.630865309050153,-11.0121740790126,
-310,215,-0.27208,0.68736,308.814968258095,2.11212282687822,0.630992760479404,-10.9464457740712,
-309,215,-0.27208,0.54416,306.484295682333,2.11206152988514,0.632127635782762,-10.8776570095462,
-310,215,-0.2864,0.6802,304.120631988623,2.11202395620063,0.632594991271831,-10.8035740488821,
-310,215,-0.20048,0.63724,301.726150837762,2.11196033584085,0.633865274962333,-10.7356991416345,
-310,215,-0.25776,0.5012,299.320422928759,2.11187040365211,0.636085957141778,-10.6647618925837,
-310,215,-0.24344,0.57996,296.890789450332,2.11180289948473,0.636777170170634,-10.5981964058688,
-309,215,-0.35084,0.68736,294.432111105487,2.11183326134478,0.638161906039995,-10.5332030796026,
-310,215,-0.2148,0.54416,291.951500652373,2.11183868353343,0.638690832650216,-10.4570079194501,
-310,215,-0.1432,0.67304,289.438864515676,2.11191865177695,0.639471810668387,-10.3815775510921,
-310,215,-0.30788,0.59428,286.901361416042,2.11192489628753,0.640512168216386,-10.3036445180262,
-309,215,-0.34368,0.6444,284.343745009039,2.1120304441771,0.642688238327573,-10.220883948415,
-310,215,-0.30788,0.70884,281.768341257704,2.1121872683889,0.643081464744786,-10.1342465395525,
-310,215,-0.20048,0.69452,279.162477593992,2.11227163117581,0.643850972939289,-10.0427453673876,
-310,215,-0.33652,0.50836,276.5383016299,2.1123570773117,0.644314333759805,-9.95802847421037,
-310,215,-0.16468,0.59428,273.177663127754,2.11244337248704,0.64496290952786,-9.86491840599315,
-310,215,-0.34368,0.57996,269.776313599231,2.11250576782792,0.646624523676108,-9.77861045742231,
-310,215,-0.19332,0.56564,266.343800825322,2.11254427421284,0.647868894734136,-9.68484147275528,
-309,215,-0.36516,0.67304,262.889667899827,2.11260841256208,0.647698706363248,-9.58821428099193,
-310,215,-0.33652,0.52984,259.406298934595,2.11264893685825,0.648585071586926,-9.49180738507781,
-310,215,-0.33652,0.63008,255.876078344408,2.11266586846518,0.649236583232907,-9.38262390587918,
-310,215,-0.19332,0.57996,252.30349361628,2.11268348902068,0.64933798396926,-9.28691707349446,
-309,215,-0.30072,0.48688,248.710525225781,2.11277680334129,0.650312677192666,-9.18090605717646,
-309,215,-0.30788,0.5728,245.07209868827,2.1128468258649,0.65098749693611,-9.08123823444184,
-310,215,-0.179,0.6802,241.400091586554,2.11294307882797,0.651736871771588,-8.97538925626908,
-310,215,-0.33652,0.6086,237.70167066982,2.1129910770502,0.652937869175179,-8.87881670630666,
-309,215,-0.27208,0.52268,233.949274106461,2.11303959545195,0.652721543913599,-8.77426387216456,
-310,215,-0.20764,0.6444,230.162267959784,2.1131136267797,0.652492162811459,-8.66063739298444,
-310,215,-0.34368,0.62292,226.340236764466,2.11316341823736,0.653814934439393,-8.52748768746252,
-310,215,-0.23628,0.537,222.502881783467,2.11323896181756,0.654283642994343,-8.40124179273495,
-310,215,-0.29356,0.5728,218.607631212534,2.11331526642118,0.656191928531609,-8.28827170464637,
-310,215,-0.34368,0.56564,214.671262155611,2.11336733361332,0.656570939423803,-8.1725256424944,
-310,215,-0.18616,0.6444,210.693341091284,2.11342090240469,0.657513187455162,-8.06497399318026,
-310,215,-0.1432,0.47972,206.688503201049,2.1134514960297,0.658154247092943,-7.92927907528923,
-310,215,-0.179,0.55132,202.644032707903,2.11345866279865,0.658924897245676,-7.79983381812729,
-310,215,-0.179,0.51552,198.549638174844,2.11346644696363,0.659020763024882,-7.70584292843511,
-310,215,-0.12888,0.5728,194.42710233862,2.11340011871146,0.659983436052904,-7.6375403473748,
-310,215,-0.17184,0.61576,190.248846096886,2.11335771115516,0.659834450889043,-7.59900241873874,
-310,215,-0.30072,0.56564,186.029291835055,2.11326445841211,0.661048976241791,-7.57710538086846,
-310,215,-0.3938,0.56564,181.780457429577,2.11321885430703,0.661465457844328,-7.5675377189302,
-310,215,-0.1074,0.62292,177.489579512064,2.11312210281353,0.662569121310214,-7.54317979051261,
-310,215,-0.25776,0.59428,173.151291630544,2.1130729395128,0.662745577617278,-7.49838146477167,
-310,215,-0.33652,0.56564,168.770026671889,2.11309210775848,0.664363454708505,-7.4577467057615,
-310,215,-0.2148,0.63008,164.342933716458,2.11321733944429,0.665685328503912,-7.41668391593113,
,,,,159.869559622091,2.11339479893907,0.666783701370551,-7.38174072308319,
,,,,155.356971519772,2.11360050930322,0.666831137010535,-7.35512202215092,
,,,,150.797234009175,2.11378451383872,0.667123962936912,-7.3198385739448,
,,,,146.199781671646,2.11399660622149,0.667850916438902,-7.2863259227253,
,,,,141.54686552345,2.11418757819566,0.668461759112387,-7.24005805329394,
,,,,136.845435856794,2.1142570018323,0.668713412767943,-7.19701848967815,
,,,,132.10736425457,2.11430220042389,0.669462621778752,-7.15578731109335,
,,,,127.324984907821,2.11439768637469,0.671082397152303,-7.12534041240108,
,,,,122.547856359799,2.11444496221129,0.672177785183276,-7.10452501278059,
,,,,120.02373319819,2.11451806550164,0.672388677751598,-7.07706826033736,
,,,,117.502971824027,2.11459226460364,0.672597031083081,-7.04048156936167,
,,,,114.985910645673,2.11469258073,0.672547345500118,-7.00482347458669,
,,,,112.457846167623,2.11479478050305,0.672537062216537,-6.96827705460652,
,,,,109.92880712522,2.11482440308739,0.672334189860556,-6.92398329865343,
,,,,107.404021937296,2.11487877082741,0.672610648116205,-6.87339696418859,
,,,,104.878799375761,2.11498312812735,0.672822725497056,-6.84224735077016,
,,,,102.350976948633,2.11501346947736,0.673152932574568,-6.81555843789568,
,,,,99.8257256172724,2.11509355436043,0.673166702518708,-6.78349817967657,
,,,,97.3032699797302,2.11504962475828,0.672973419985947,-6.74915525127322,
,,,,94.7739128383641,2.11502845996986,0.673393142315068,-6.71563949594372,
,,,,92.2453131873183,2.11500625035396,0.673623757853442,-6.68548250711754,
,,,,89.7201350839264,2.11500772731477,0.673480781854369,-6.66700432922553,
,,,,87.8962981726013,2.11495885954079,0.673639374649681,-6.65174032846546,
,,,,86.0930306931298,2.1149583951023,0.673349917728627,-6.63099161431737,
,,,,84.308369602712,2.11498229728933,0.673602205085008,-6.61158468502591,
,,,,82.5451884314535,2.11498104862326,0.673611150616907,-6.59820221377872,
,,,,80.7916130799372,2.11517740616549,0.673797052389481,-6.58100067742922,
,,,,79.0581035228633,2.11535078772688,0.673854581787071,-6.57399203160298,
,,,,77.3428026308492,2.11552571147644,0.673973558003089,-6.56971802128723,
,,,,75.6535182487212,2.11572619571541,0.673712774644776,-6.57882754568436,
,,,,73.9711560661514,2.11587846670402,0.673628371453773,-6.58437298440954,
,,,,72.3134438332761,2.11605604480181,0.673845118975379,-6.58390500151984,
,,,,70.6709861418252,2.11623490586865,0.67392835907241,-6.57727221236353,
,,,,69.0543694293041,2.11641505745694,0.673828921598735,-6.58212873058332,
,,,,67.464192216131,2.11657150726562,0.674102057824352,-6.58042319927242,
,,,,65.8911620720881,2.11672901309759,0.674179158055886,-6.58527899641906,
,,,,64.3455014808863,2.11686257796174,0.674190499789169,-6.58802936477236,
,,,,62.8132031667116,2.11702146223442,0.674244941088748,-6.59563835150628,
,,,,61.3071827806829,2.11718140410196,0.674296168828005,-6.61715431892224,
,,,,59.8281119063205,2.11736715164352,0.67446233696041,-6.64520808452365,
,,,,58.3740486261746,2.11755443536246,0.674747565572959,-6.67890540144676,
,,,,56.9406824471476,2.11774350241755,0.674966106843526,-6.72195313989547,
,,,,55.5435640736061,2.11793436435274,0.675247743911037,-6.76759532020696,
,,,,54.166004288804,2.11815252520067,0.674903826167058,-6.80106121102708,
,,,,52.8235999144665,2.1183237609833,0.674991146714366,-6.83771525847548,
,,,,51.5096821726785,2.11847286298896,0.67475790087746,-6.86504802954089,
,,,,50.2149220216201,2.11854963535214,0.674889509224323,-6.90048129994298,
,,,,48.9547768979523,2.11867763072381,0.674578324946245,-6.94981101785813,
,,,,47.7226331877287,2.11875787519125,0.674509837296037,-7.0087360629382,
,,,,46.5266193908558,2.118863476849,0.674610296529577,-7.05627061102905,
,,,,45.3625964767409,2.11901838910053,0.674574900173395,-7.10127889513894,
,,,,44.2239136733216,2.11917307811203,0.674590159567483,-7.15357630278305,
,,,,43.1211111203864,2.11927775701113,0.67503826870171,-7.20077634516555,
,,,,42.05253564624,2.11948066040887,0.675178509352846,-7.25529058052417,
,,,,41.0188995469786,2.11965872035132,0.675251059777737,-7.3184115177301,
,,,,40.0235731511719,2.11981189997663,0.675442042952642,-7.38075907678392,
,,,,39.0649408471559,2.11996590886914,0.675756187805955,-7.45219462715131,
,,,,38.1363029916369,2.12017050004187,0.675818500340878,-7.50896598671624,
,,,,37.2557219825658,2.12037617146432,0.675741630075419,-7.567838517155,
,,,,36.4087701570486,2.12055865868464,0.675591272104054,-7.62997528452504,
,,,,35.583374483374,2.12076698138943,0.675437337394672,-7.70444713624968,
,,,,34.7673388661398,2.12095187957542,0.675341696863103,-7.78899134978322,
,,,,33.9706203336691,2.1211623676828,0.675183720143925,-7.84811677429012,
,,,,33.1935190877884,2.12134917547666,0.675333687054097,-7.90385776161371,
,,,,32.4387142557346,2.12156229203497,0.675425266234231,-7.97049018203906,
,,,,31.6940082390855,2.12177698036376,0.675391252552231,-8.04973120399798,
,,,,30.9669310991184,2.12196800860372,0.675478564701293,-8.12140183620816,
,,,,30.2601583679351,2.12223488522874,0.670862339708135,-8.18909583025085,
,,,,32.6085190882387,2.1224293538512,0.662485563838723,-8.26179976738525,
,,,,35.0075809606002,2.12232915314915,0.653223307837266,-8.38661555467349,
,,,,37.4579143083451,2.12220341743805,0.644484002545406,-8.4711924179155,
,,,,39.9575440224147,2.12210140919136,0.635841529720574,-8.55570403325902,
,,,,42.4994985663601,2.12199837633865,0.62730054702618,-8.62353181195474,
,,,,45.0822035207538,2.12216953516588,0.619106598237829,-8.68801228898094,
,,,,47.7231854299381,2.12234731897837,0.610153694084455,-8.80893576100731,
,,,,50.4055103391186,2.12250635826278,0.600985887044845,-8.93867438552198,
,,,,53.1169986748381,2.12270462865526,0.592222270573835,-9.07044886246993,
,,,,55.8776460569658,2.12270489818486,0.583493807387541,-9.18142112172776,
,,,,58.6852652899767,2.12270345373395,0.573997661106358,-9.30315309291712,
,,,,61.5376659103641,2.12272501553848,0.563911266087578,-9.42365740055702,
,,,,64.4325584614695,2.12272005335851,0.553913231349388,-9.51432403278348,
,,,,67.3777208614231,2.12273828688974,0.544807140853305,-9.6166626570248,
,,,,70.3684562775434,2.12277969522724,0.534866170772889,-9.72992015856446,
,,,,73.4025896452238,2.12281974264664,0.525011594651111,-9.83136964318031,
,,,,76.4877205384507,2.12285840289604,0.51475102705757,-9.91397351360206,
,,,,79.6166663634242,2.12289589691218,0.505314383188592,-10.0036002493875,
,,,,82.7896911583879,2.12293220269252,0.494545920071094,-10.0928286776347,
,,,,85.9995346205414,2.12291804056115,0.484289538093688,-10.1748687698413,
,,,,89.2810824567179,2.12282790767329,0.473992949945222,-10.2690938234882,
,,,,92.6026062158865,2.12273529879776,0.463222621045392,-10.3442367888799,
,,,,95.9667101199417,2.1226399339181,0.452900940689798,-10.4031380631805,
,,,,99.3710929070087,2.12256652301271,0.44136038004739,-10.4619794756729,
,,,,102.825849446215,2.12251526579088,0.430074679782082,-10.5163361720667,
,,,,106.318743360795,2.12246161134967,0.418983857364964,-10.5559276656495,
,,,,109.87471107438,2.12257853299471,0.408776728960983,-10.5992926800517,
,,,,113.484128016557,2.12267016440077,0.397663219874315,-10.6504592881861,
,,,,117.13486510412,2.12286023669197,0.387741490359433,-10.7136193006479,
,,,,120.834567510878,2.12307618323989,0.375987549578592,-10.7671528452094,
,,,,124.580902071402,2.12326824811629,0.364615363683863,-10.8064953385495,
,,,,128.383954238567,2.1234366676502,0.353193141172851,-10.8255325591001,
,,,,132.226601118247,2.12360570914328,0.341038020822785,-10.8647084199721,
,,,,136.11634373846,2.12375013805459,0.32938171508664,-10.9053735637823,
,,,,140.06824898663,2.12386971290551,0.317486086923464,-10.9434482891387,
,,,,144.062775104117,2.12401418771635,0.306272698985065,-10.9764821697721,
,,,,148.124757673007,2.12405907412533,0.294451849377463,-11.0065187201607,
,,,,152.22234042673,2.12407788950923,0.282884530462609,-11.0368465142442,
,,,,156.370348023518,2.1241448795046,0.270086931329044,-11.0875874789715,
,,,,160.566441163878,2.12421100792674,0.258644661462936,-11.1245096854252,
,,,,164.818224710138,2.12417675552956,0.246840960087907,-11.164638830957,
,,,,169.125774242094,2.12416488012426,0.233992933652387,-11.1956096261431,
,,,,173.48683368848,2.12415108033654,0.221823643172668,-11.2120391740799,
,,,,177.879442195462,2.12418458626671,0.209782913526905,-11.2272752338604,
,,,,182.338472921494,2.1242413457389,0.197933321612686,-11.2331617079602,
,,,,186.849540768899,2.1242470781949,0.184977872122277,-11.2601794795807,
,,,,191.417917221187,2.12425101782577,0.172944646231863,-11.300526724313,
,,,,196.029097448568,2.12427763887321,0.16042008563778,-11.353608769286,
,,,,200.688355757572,2.12430239786835,0.147462450321796,-11.4228303293384,
,,,,205.398468873003,2.12417699578186,0.133509320476454,-11.4728444728347,
,,,,210.18944224434,2.12404770974773,0.123731709953721,-11.5427949544445,
,,,,211.950144453806,2.12396472317245,0.11802622625189,-11.6090053028312,
,,,,213.699575775521,2.12422844168753,0.114336156137183,-11.6090413399417,
,,,,215.434641730642,2.1244712637098,0.108468355677696,-11.6457152190834,
,,,,217.16461299508,2.12471749989316,0.102318621281231,-11.684973119548,
,,,,218.89892105873,2.12509095656201,0.0968732556797962,-11.7206120835417,
,,,,220.637205390789,2.1252164406872,0.0907125295158553,-11.7536379558031,
,,,,222.336849152778,2.12531172877345,0.0855695476884434,-11.7478305517912,
,,,,224.031713893507,2.12540190129299,0.0805282968037266,-11.7125251672988,
,,,,225.731364539237,2.12552761686366,0.0756476634000621,-11.6842288930892,
,,,,227.427936009358,2.12565457447434,0.0699387906873148,-11.6712616433007,
,,,,229.111031759055,2.12573329844207,0.0660000889999975,-11.6430374705322,
,,,,230.772649242706,2.12578783589656,0.061070275365467,-11.6220041048884,
,,,,232.414630339549,2.12581820998109,0.0568094540190916,-11.6227608382756,
,,,,234.056084888838,2.12582395179388,0.0508639323672677,-11.6076603252186,
,,,,235.684180221623,2.125854092948,0.0463193557493902,-11.5977864654825,
,,,,237.298354385746,2.1258346310698,0.0414560662553138,-11.6087782161984,
,,,,238.885588384234,2.12581459372498,0.0384407696137073,-11.6373158865211,
,,,,240.450132166618,2.12581873923798,0.0335707338357381,-11.6578229720373,
,,,,242.016077127096,2.12584731880774,0.0304917715957841,-11.692501133368,
,,,,243.583072597458,2.12592582651315,0.0262462491552108,-11.718356404294,
,,,,245.100914083999,2.12608026135315,0.023298262018676,-11.7293020734109,
,,,,246.600897330218,2.12621238969528,0.0198089119293026,-11.7393027197924,
,,,,248.089849678835,2.12634677044555,0.0149639413475155,-11.7447969243133,
,,,,249.559837369645,2.12648320853895,0.0117322934395959,-11.7441936317256,
,,,,251.022550121362,2.1265720000513,0.00789969555501688,-11.7405709333064,
,,,,252.465162069487,2.12663744944439,0.00500529791333423,-11.7529188864515,
,,,,253.879423960527,2.12652912188448,0.000326867902961482,-11.7609374627525,
,,,,255.257100157992,2.12654257690908,-0.00317398706705191,-11.7719322961641,
,,,,256.627122287239,2.12648002582212,-0.00772513040790819,-11.776531929783,
,,,,257.974078275123,2.12641471733283,-0.0100391173384676,-11.791476277155,
,,,,259.294802791992,2.12642111801814,-0.0144911419030451,-11.8132953953591,
,,,,260.585999312323,2.12642591455644,-0.0180078179731035,-11.8391643343319,
,,,,261.866785433056,2.12640433243182,-0.0213770837037559,-11.8401490463553,
,,,,263.12174030132,2.12650486900981,-0.0240454876521756,-11.8429067244006,
,,,,264.340091700475,2.1266299695653,-0.0268081765093602,-11.8700672039576,
,,,,265.533431468756,2.12675487829648,-0.0316530366627703,-11.8953130953852,
,,,,266.676091605347,2.12690533180312,-0.0355624909800004,-11.9202021486052,
,,,,267.816722805136,2.12708184113276,-0.0389629565388381,-11.9434903232029,
,,,,268.927578000993,2.127234682337,-0.0410327574088171,-11.9488705493834,
,,,,269.995510048885,2.12733887713314,-0.0444949100709137,-11.9514632312047,
,,,,271.029443567091,2.12751870011932,-0.0476888295774367,-11.9549218886329,
,,,,272.033440293081,2.12765091615887,-0.050415876738128,-11.9587269605388,
,,,,273.014099764414,2.12775982542444,-0.0529256739649675,-11.9747832752562,
,,,,273.9684033047,2.12786948125769,-0.0564549669104316,-11.982184344973,
,,,,274.873155090673,2.12793015586678,-0.0604588113512546,-12.0050707077157,
,,,,275.734775034453,2.12796662198235,-0.06183689732624,-12.0322478485883,
,,,,276.564644913792,2.12802816261756,-0.0651515660743401,-12.0416584537792,
,,,,277.364501819388,2.12806529651602,-0.068065641833866,-12.0357851833286,
,,,,278.133572572475,2.12807780046303,-0.0711278011621399,-12.0062723601008,
,,,,278.858672609104,2.12824018466779,-0.0719781687031161,-11.9861825372024,
,,,,279.516288751329,2.12835595174621,-0.0736064843333818,-11.9404487508931,
,,,,280.185260477047,2.12847368668258,-0.0747612636461072,-11.9028887850323,
,,,,280.848485078052,2.12854047128649,-0.078242426218219,-11.875166977558,
,,,,281.508523130997,2.12863026542091,-0.0795341171280796,-11.8526863018993,
,,,,282.148066795709,2.12874326309941,-0.0800970155281717,-11.8261908878632,
,,,,282.766870218848,2.12868041464928,-0.0816635528668645,-11.8068154304802,
,,,,283.37954016764,2.12866520647069,-0.0819469794251093,-11.789396395576,
,,,,283.998774732144,2.12869840922017,-0.0828629846440553,-11.7641272455145,
,,,,284.594983255299,2.12873104791251,-0.0849757696088848,-11.7618535037146,
,,,,285.170365618824,2.12871326010112,-0.0871849125099635,-11.7496270147109,
,,,,285.729696605056,2.12869403916673,-0.0883693056109267,-11.7451430084873,
,,,,286.277901207492,2.12872335343133,-0.0901452402110348,-11.7362529643086,
,,,,286.827458157638,2.12880192291187,-0.0910236116523863,-11.7154163193524,
,,,,287.366199027124,2.12893047452505,-0.0917447311144802,-11.6881777597591,
,,,,287.884120949286,2.12908499455209,-0.0932185792677648,-11.6620566452496,
,,,,288.39600155055,2.12921599357787,-0.0949095489214,-11.637631102475,
,,,,288.904394096736,2.12939798726607,-0.0963834659033477,-11.6091420221411,
,,,,289.407055539434,2.12960673373677,-0.0977802405124274,-11.5695685185334,
,,,,289.894252800551,2.12981750595953,-0.0991426263970627,-11.5371353061224,
,,,,290.358393153753,2.1299558246442,-0.100921184793031,-11.4944460405062,
,,,,290.809138901836,2.13014424046728,-0.102551555426182,-11.4566474230429,
,,,,291.271596573299,2.13033299273574,-0.105592147678112,-11.4140345057125,
,,,,291.72378171432,2.13057181058763,-0.107019385892047,-11.3665689788405,
,,,,292.153325595859,2.13076215751973,-0.107422686161745,-11.3473538506675,
,,,,292.587419538693,2.13087878077696,-0.10891184437562,-11.326098011251,
,,,,292.996477651736,2.13102043207128,-0.11074908734523,-11.2987888734089,
,,,,293.407678796115,2.13118759031511,-0.112699625813137,-11.2627331307055,
,,,,293.799047655873,2.1313327236659,-0.113756818820227,-11.2212905135565,
,,,,294.180651096446,2.13142965581201,-0.114975460718773,-11.1827321790753,
,,,,294.545042470795,2.13162717690102,-0.116037345177296,-11.1551945577811,
,,,,294.907131225207,2.13182730026308,-0.11714871376976,-11.1123848377873,
,,,,295.262203783952,2.13193033177046,-0.116494333293193,-11.0658411689005,
,,,,295.612958283671,2.13208384085178,-0.11709816017755,-11.0284815335992,
,,,,295.93965306437,2.13226383598465,-0.117860250043627,-10.9975491819877,
,,,,296.254681903608,2.13229610298441,-0.119655445710869,-10.9644268300827,
,,,,296.570667945223,2.13227794588955,-0.120389082039597,-10.9044081135096,
,,,,296.882917811327,2.13228312477661,-0.120525082488873,-10.8426169750752,
,,,,297.189421041089,2.13226211282585,-0.120623722008763,-10.7839898941492,
,,,,297.465388350356,2.1322143927436,-0.122174818696584,-10.7143413750496,
,,,,297.742990433023,2.13226369680703,-0.12285444306577,-10.6470440564919,
,,,,298.030094199203,2.13233720987311,-0.123692161214233,-10.5852428765442,
,,,,298.312278858927,2.13233541293998,-0.124568431824499,-10.5336247675137,
,,,,298.574940626905,2.13235704162098,-0.125302615538225,-10.4799108844144,
,,,,298.823067764158,2.13240255861303,-0.127318723870634,-10.424268583515,
,,,,299.069153550885,2.13242268809179,-0.127463414533606,-10.3686209027085,
,,,,299.318618882174,2.13246716860887,-0.127508014565114,-10.3053887264213,
,,,,299.557072781657,2.13256123342696,-0.128715154339757,-10.2387861608552,
,,,,299.777294839754,2.13265562026665,-0.130025189867137,-10.179166138153,
,,,,299.994253186491,2.13275057396715,-0.13082429430311,-10.1106600089929,
,,,,300.218121311382,2.1328215915266,-0.131167823938169,-10.0411489956156,
,,,,300.432076249028,2.13294120941629,-0.132125147257328,-9.97609915857015,
,,,,300.641638501481,2.13311037038332,-0.133137708276377,-9.92044965765607,
,,,,300.836751155188,2.13323053556848,-0.133406286936083,-9.85595768609788,
,,,,301.029704284664,2.13337598174949,-0.132838602388735,-9.80131204954877,
,,,,301.208131820839,2.13357148389135,-0.133180726005177,-9.73923161140669,
,,,,301.406746326039,2.13369354548335,-0.13413947561386,-9.67834587599623,
,,,,301.596250049872,2.13381743786785,-0.133978346136108,-9.61426449426867,
,,,,301.766712523954,2.1339179550104,-0.135731131945127,-9.54229536653295,
,,,,301.935206957536,2.13404389110733,-0.136873390829297,-9.4729579221866,
,,,,302.111842835776,2.13414599846569,-0.13645901084138,-9.40419410454771,
,,,,302.287005976538,2.13427404538019,-0.136389942508027,-9.32930120444708,
,,,,302.453414980216,2.13440355039221,-0.13705103792285,-9.25649584005064,
,,,,302.616043829451,2.13455879986707,-0.137886738890294,-9.19388685862235,
,,,,302.777316954914,2.13469005607455,-0.138041324308491,-9.12498557683294,
,,,,302.932377528457,2.13472232915919,-0.138809112359917,-9.06185991165546,
,,,,303.086320662904,2.13472863940283,-0.138022880014295,-9.00362776577829,
,,,,303.226818871937,2.13473371510407,-0.138387863490462,-8.93082822779119,
,,,,303.356248820207,2.13471228666682,-0.138803748615087,-8.85078304170852,
,,,,303.496834892293,2.13468857927009,-0.140447545725014,-8.77683467065084,
,,,,303.643890160529,2.13463779781772,-0.140299574629251,-8.69566832772538,
,,,,303.775429734853,2.1346594015125,-0.140441934924659,-8.6113363701731,
,,,,303.906284099536,2.13465460112681,-0.140074512939496,-8.53706348846151,
,,,,304.036330510687,2.13464788437821,-0.140477803684658,-8.46897466650853,
,,,,304.155761686889,2.13458923164346,-0.141304124652902,-8.40501333668347,
,,,,304.27459768779,2.13455286604073,-0.142382158697369,-8.31585649991135,
,,,,304.382886580355,2.13463874807304,-0.142837310324317,-8.24087886118521,
,,,,304.490672807372,2.13472407793444,-0.14197927292807,-8.16604806898498,
,,,,304.595454926295,2.13480859761384,-0.143321150622277,-8.09392742480953,
,,,,304.69492430521,2.13486776468263,-0.143551985590614,-8.04254264175263,
,,,,304.799026020148,2.13495131031502,-0.144020565044791,-7.96565957702666,
,,,,304.90797635232,2.13490996510129,-0.144978319696944,-7.88890675543503,
,,,,305.006994620905,2.13486622910959,-0.145872672230877,-7.82697875461966,
,,,,305.105952946024,2.13487054492483,-0.14690612113125,-7.76984892873569,
,,,,305.190042002087,2.13482387862853,-0.147325011833762,-7.70726345740041,
,,,,305.284105258896,2.1347997206349,-0.146688524326734,-7.64096112349361,
,,,,305.378455985186,2.13477500397798,-0.146089841936792,-7.57340205709173,
,,,,305.470612302413,2.13484923227588,-0.146591829658546,-7.5088623931668,
,,,,305.553163733018,2.13487463928082,-0.146231104382998,-7.44584254582117,
,,,,305.633497819076,2.13490050587939,-0.146670286386704,-7.39298960177832,
,,,,305.721795932628,2.13497660600945,-0.146789053393536,-7.34308760402316,
,,,,305.800794006882,2.13490445659561,-0.148201772307673,-7.29861773815714,
,,,,305.87773162874,2.134830864979,-0.148506322912558,-7.24875016252954,
,,,,305.942736111609,2.13480606747444,-0.149052737675806,-7.19425882980693,
,,,,306.010734086705,2.13480556277991,-0.149287887399941,-7.14037861144448,
,,,,306.079423852275,2.13480460242513,-0.147958374167558,-7.07568663152299,
,,,,306.143881974071,2.13480343326011,-0.147975650995617,-7.01802144071917,
,,,,306.199082598743,2.13485131706854,-0.148487706801859,-6.96659948739538,
,,,,306.269795567229,2.134873991164,-0.149611692469801,-6.90573625300469,
,,,,306.348929237798,2.13489595523229,-0.149001162792599,-6.84733595711214,
,,,,306.411846822465,2.13491719663096,-0.148871725846951,-6.79243918432124,
,,,,306.458319352277,2.13498745014684,-0.148861368440107,-6.73521185945694,
,,,,306.525410868151,2.13500770995606,-0.150264697362709,-6.67651495550532,
,,,,306.586141287623,2.13500174302113,-0.150434271512079,-6.61376560201868,
,,,,306.655442180024,2.13501927972859,-0.151964251557385,-6.56093449227532,
,,,,306.706192060176,2.13503555000561,-0.152896188677867,-6.49605451646073,
,,,,306.775479785318,2.13500054075921,-0.152843866526112,-6.43919137690681,
,,,,306.831110809667,2.13498872883125,-0.152534009010391,-6.38205865909405,
,,,,306.890366856794,2.13502507824673,-0.152779609632909,-6.32870761122103,
,,,,306.946046602663,2.13503603986293,-0.152824644065461,-6.28822654433676,
,,,,306.995658876377,2.13502111064269,-0.152673171325225,-6.2545287089125,
,,,,307.041538243116,2.13502977511969,-0.152895588755758,-6.21591816044086,
,,,,307.088612820013,2.13498775264186,-0.153554060500785,-6.1869490213913,
,,,,307.134505867932,2.13491927939681,-0.153469932011458,-6.15965152813724,
,,,,307.176767868313,2.13487334355057,-0.15424303293345,-6.11785216842947,
,,,,307.215376293198,2.13475139590182,-0.154712851830727,-6.07508352082151,
,,,,307.257782221562,2.1347269312161,-0.154375265092814,-6.03777632883306,
,,,,307.304034316202,2.13472691430336,-0.153918358014383,-6.00841146312073,
,,,,307.351828528521,2.13485060934494,-0.153700838158184,-5.97019446545073,
,,,,307.393863971178,2.13502524620314,-0.154157740034849,-5.93703269736897,
,,,,307.432448417503,2.13520184686584,-0.153303385523065,-5.90056188575231,
,,,,307.469958895295,2.13530644141087,-0.1541747103834,-5.87134053484169,
,,,,307.509013639458,2.13533760022175,-0.154125034892892,-5.8466871107295,
,,,,307.534783238863,2.13534436258903,-0.154449792535995,-5.81200516639552,
,,,,307.561995642112,2.13532650593765,-0.154154960742444,-5.78043863669143,
,,,,307.600671225828,2.13533380568313,-0.153725266050261,-5.74052948124596,
,,,,307.638553142046,2.13536629023405,-0.153466286915141,-5.70296436224927,
,,,,307.668312216914,2.13534874114653,-0.153695286683367,-5.66515085235882,
,,,,307.70719973582,2.13523116355457,-0.153873168007677,-5.64317414724371,
,,,,307.733058595321,2.13503732757379,-0.152430613724364,-5.59260975835692,
,,,,307.773040122945,2.13491524403806,-0.152456639745491,-5.46470200703617,
,,,,307.802485807132,2.13474161961948,-0.152540165237577,-5.34680886277884,
,,,,307.823718574011,2.13464094293154,-0.151872460737979,-5.25449848760402,
,,,,307.851606929982,2.13456445494958,-0.152921963594485,-5.15477096020783,
,,,,307.878791622893,2.13443766197952,-0.152672120450557,-5.050599396163,
,,,,307.907888153792,2.13431007567607,-0.152353774991317,-4.94323143516065,
,,,,307.931390954731,2.13420621780519,-0.152471747770174,-4.84412025012765,
,,,,307.959142786113,2.13407682388269,-0.153029984461594,-4.74717191540523,
,,,,307.983781701793,2.1338959089481,-0.153588778073505,-4.64123933641749,
,,,,308.007847226236,2.13381196112302,-0.153723507515986,-4.53766653236399,
,,,,308.031355636208,2.13377643097692,-0.15391710376479,-4.42369056137969,
,,,,308.044321573867,2.13369029063006,-0.153245104263516,-4.30753316491788,
,,,,308.071485213145,2.13365351670961,-0.152428701609613,-4.19035658498481,
,,,,308.093205545663,2.1337161172218,-0.152467537042257,-4.07808288619724,
,,,,308.114497322238,2.13380433553613,-0.152130059808262,-3.97018757982487,
,,,,308.135326661204,2.1337944223951,-0.151848794188542,-3.85959162901675,
,,,,308.148256391985,2.13383392556312,-0.153001174584789,-3.75503870819986,
,,,,308.160675940678,2.13384907895226,-0.152308357986662,-3.64661808708581,
,,,,308.187523399509,2.13386390827784,-0.152655592156809,-3.53361084549858,
,,,,308.19660981369,2.13382915498194,-0.152623848589354,-3.42998831671139,
,,,,308.209953185728,2.13384334507847,-0.152783479141797,-3.32468041928168,
,,,,308.230231466553,2.13383271288488,-0.15325537768927,-3.22227686715258,
,,,,308.257676140951,2.13382127984268,-0.153175120355104,-3.12313889693174,
,,,,308.269876787217,2.13380953300988,-0.152523243355028,-3.02174408447062,
,,,,308.284072188203,2.13374822399986,-0.151986995551493,-2.92027604964341,
,,,,308.300197237789,2.13376039176493,-0.15112088410589,-2.81492299575597,
,,,,308.328355704894,2.13377251891106,-0.150422613763594,-2.71752317871929,
,,,,308.341255466474,2.1337603602789,-0.150460522152084,-2.61631854309367,
,,,,308.348781651195,2.13377295068927,-0.150687517331704,-2.51498695778673,
,,,,308.360746154109,2.13373580091147,-0.1508524471109,-2.41070507012897,
,,,,308.374753080361,2.13364866983275,-0.150771039220261,-2.3011504020675,
,,,,308.388407478421,2.13353607140889,-0.151185374545954,-2.18434715150468,
,,,,308.399267569859,2.13342227236224,-0.151787253613184,-2.07450486428749,
,,,,308.412244349561,2.13333251513175,-0.151831641663802,-1.95581729837557,
,,,,308.439746710765,2.13329205211923,-0.152557995224716,-1.83405903867496,
,,,,308.457201946829,2.13317738586743,-0.151365569108788,-1.7167690076873,
,,,,308.462071507756,2.13313704913442,-0.148424011854115,-1.60585747785428,
,,,,308.469044669005,2.13307180277717,-0.146261128158683,-1.48833847932974,
,,,,306.386520019033,2.13300591058385,-0.14439075954625,-1.3612833012724,
,,,,304.282903103098,2.1327896264377,-0.145103035995637,-1.24355893331024,
,,,,302.165467846978,2.13254471931131,-0.144951504272476,-1.12128444059679,
,,,,299.98460665321,2.13229563884047,-0.145487624260094,-1.0003262480705,
,,,,297.781781383487,2.13211731406254,-0.145463494694517,-0.877840958102466,
,,,,295.569135519566,2.13198642014018,-0.146058429940078,-0.755934065502198,
,,,,293.336802373831,2.13190366823474,-0.14640851545893,-0.635948213018105,
,,,,291.069721252363,2.13182027380204,-0.146826867485826,-0.511064644466884,
,,,,288.777335609061,2.13171122893193,-0.148119952648554,-0.398644200538378,
,,,,286.466828504774,2.13157603030518,-0.148995236467697,-0.291361327650152,
,,,,284.138100943268,2.1314396668315,-0.149505632010116,-0.177511926415413,
,,,,281.778505905718,2.13137737478474,-0.150761894029942,-0.0503766569022612,
,,,,279.400243007801,2.13136589010366,-0.15229240175574,0.0521454530131317,
,,,,276.995561848245,2.13133074798549,-0.152971468706337,0.088822160538372,
,,,,274.576681413008,2.13129697697922,-0.153656432107017,0.120053655818741,
,,,,272.136116688642,2.13126386840543,-0.154849837764137,0.180383380011045,
,,,,269.666161339718,2.13120643685549,-0.155116450379678,0.240323026943905,
,,,,267.166531336914,2.13119919700278,-0.156316394240362,0.297968298459815,
,,,,264.651765427836,2.13124265364958,-0.157778895421046,0.352646018594671,
,,,,262.106917650342,2.13123806390546,-0.159378471140361,0.405336773730536,
,,,,259.529172847018,2.13128421479678,-0.160431426454012,0.456661117187325,
,,,,256.923186620733,2.13128310891409,-0.160994224952829,0.508373002866581,
,,,,254.296110773153,2.13120856582291,-0.162118192452204,0.558952602225299,
,,,,251.650217259658,2.13113363646495,-0.162570678478812,0.60890451473624,
,,,,248.982948900111,2.13108357058213,-0.163653109906686,0.655106868000142,
,,,,246.274151510873,2.13100862062047,-0.164506816919528,0.699059476445538,
,,,,243.538319292707,2.13090755629768,-0.165863641472769,0.744501480036061,
,,,,240.782614559741,2.13077986541414,-0.167299122479348,0.78932513409409,
,,,,237.99941939042,2.13070051336482,-0.168504076224802,0.833497577293207,
,,,,235.188539816147,2.13057047958068,-0.169276382181633,0.878000411803039,
,,,,232.354657280261,2.13043900829977,-0.171300818064752,0.920323367237582,
,,,,229.480074447397,2.1093654944386,-0.171237899509385,0.961637072314178,
,,,,226.586841423968,2.08815793344312,-0.171298434667009,1.00140564052235,
,,,,223.654929426327,2.0666907511497,-0.17191491937518,1.04052530448081,
,,,,220.696263069493,2.04503588024144,-0.172532835629495,1.07932780122965,
,,,,217.70555600938,2.0231419653939,-0.173652713998549,1.11722351111244,
,,,,214.685117189797,2.00100664294225,-0.174356966183138,1.15387170512811,
,,,,211.639582981892,1.97870227085258,-0.17494973816959,1.19049693042288,
,,,,208.553834325893,1.95612743797225,-0.17599012286329,1.22613227622663,
,,,,205.434779658774,1.93332897182435,-0.177047721963287,1.26022787479045,
,,,,202.292141284441,1.91032965114658,-0.178424822951517,1.29458724526455,
